methode;type;threshold;nom_instance;N;M;F;tps;solv;obj;obj1;obj2;obj22;setup;valide;feas;opt 
QCH.exe;T14_big;big;instance_20_3_4_10_8_Bthr_0.txt;20;3;4;0;1;15644;544;5;5;10;1
QCH.exe;T14_big;big;instance_20_3_4_10_8_Bthr_1.txt;20;3;4;0;1;368;368;0;0;4;1
QCH.exe;T14_big;big;instance_20_3_4_10_8_Bthr_2.txt;20;3;4;0;1;9807;307;5;5;5;1
QCH.exe;T14_big;big;instance_20_3_4_10_8_Bthr_3.txt;20;3;4;0;1;6536;416;2;2;5;1
QCH.exe;T14_big;big;instance_20_3_4_10_8_Bthr_4.txt;20;3;4;0;1;9813;513;3;3;5;1
QCH.exe;T14_big;big;instance_20_3_4_10_8_Bthr_5.txt;20;3;4;0;1;11343;303;6;6;9;1
QCH.exe;T14_big;big;instance_20_3_4_10_8_Bthr_6.txt;20;3;4;0;1;434;434;0;0;5;1
QCH.exe;T14_big;big;instance_20_3_4_10_8_Bthr_7.txt;20;3;4;0;1;9925;445;3;3;5;1
QCH.exe;T14_big;big;instance_20_3_4_10_8_Bthr_8.txt;20;3;4;0;1;19237;517;6;6;6;1
QCH.exe;T14_big;big;instance_20_3_4_10_8_Bthr_9.txt;20;3;4;0;1;6629;469;2;2;7;1
QCH.exe;T14_medium;medium;instance_20_3_4_10_8_Mthr_0.txt;20;3;4;0;1;1604;164;1;1;7;1
QCH.exe;T14_medium;medium;instance_20_3_4_10_8_Mthr_1.txt;20;3;4;0;1;16108;428;7;7;8;1
QCH.exe;T14_medium;medium;instance_20_3_4_10_8_Mthr_2.txt;20;3;4;0;1;10132;372;4;4;10;1
QCH.exe;T14_medium;medium;instance_20_3_4_10_8_Mthr_3.txt;20;3;4;0;1;6389;189;5;5;10;1
QCH.exe;T14_medium;medium;instance_20_3_4_10_8_Mthr_4.txt;20;3;4;0;1;4051;211;2;2;5;1
QCH.exe;T14_medium;medium;instance_20_3_4_10_8_Mthr_5.txt;20;3;4;0;1;23031;731;5;5;8;1
QCH.exe;T14_medium;medium;instance_20_3_4_10_8_Mthr_6.txt;20;3;4;0;1;5751;351;2;2;6;1
QCH.exe;T14_medium;medium;instance_20_3_4_10_8_Mthr_7.txt;20;3;4;0;1;16362;522;6;6;15;1
QCH.exe;T14_medium;medium;instance_20_3_4_10_8_Mthr_8.txt;20;3;4;0;1;17296;496;5;5;7;1
QCH.exe;T14_medium;medium;instance_20_3_4_10_8_Mthr_9.txt;20;3;4;0;1;16361;401;6;6;9;1
QCH.exe;T14_small;small;instance_20_3_4_10_8_Sthr_0.txt;20;3;4;0;0; ; ; ; ; ; 
QCH.exe;T14_small;small;instance_20_3_4_10_8_Sthr_1.txt;20;3;4;0;1;15422;422;5;5;7;1
QCH.exe;T14_small;small;instance_20_3_4_10_8_Sthr_2.txt;20;3;4;0;1;12370;370;6;6;9;1
QCH.exe;T14_small;small;instance_20_3_4_10_8_Sthr_3.txt;20;3;4;0;1;3448;448;1;1;14;1
QCH.exe;T14_small;small;instance_20_3_4_10_8_Sthr_4.txt;20;3;4;0;1;6595;195;5;5;10;1
QCH.exe;T14_small;small;instance_20_3_4_10_8_Sthr_5.txt;20;3;4;0;1;7737;357;3;3;9;1
QCH.exe;T14_small;small;instance_20_3_4_10_8_Sthr_6.txt;20;3;4;0;1;14470;310;6;6;6;1
QCH.exe;T14_small;small;instance_20_3_4_10_8_Sthr_7.txt;20;3;4;0;1;10224;224;5;5;8;1
QCH.exe;T14_small;small;instance_20_3_4_10_8_Sthr_8.txt;20;3;4;0;1;9765;465;3;3;10;1
QCH.exe;T14_small;small;instance_20_3_4_10_8_Sthr_9.txt;20;3;4;0;1;16214;494;6;6;11;1
QCH.exe;T15_big;big;instance_20_3_5_10_9_Bthr_0.txt;20;3;5;0;1;9783;343;4;4;7;1
QCH.exe;T15_big;big;instance_20_3_5_10_9_Bthr_1.txt;20;3;5;0;1;5482;402;2;2;7;1
QCH.exe;T15_big;big;instance_20_3_5_10_9_Bthr_2.txt;20;3;5;0;1;19981;521;7;7;10;1
QCH.exe;T15_big;big;instance_20_3_5_10_9_Bthr_3.txt;20;3;5;0;1;295;295;0;0;5;1
QCH.exe;T15_big;big;instance_20_3_5_10_9_Bthr_4.txt;20;3;5;0;1;29169;849;6;6;11;1
QCH.exe;T15_big;big;instance_20_3_5_10_9_Bthr_5.txt;20;3;5;0;1;11537;497;4;4;12;1
QCH.exe;T15_big;big;instance_20_3_5_10_9_Bthr_6.txt;20;3;5;0;1;5481;401;2;2;7;1
QCH.exe;T15_big;big;instance_20_3_5_10_9_Bthr_7.txt;20;3;5;0;1;9868;348;4;4;7;1
QCH.exe;T15_big;big;instance_20_3_5_10_9_Bthr_8.txt;20;3;5;0;1;326;326;0;0;8;1
QCH.exe;T15_big;big;instance_20_3_5_10_9_Bthr_9.txt;20;3;5;0;1;12760;280;8;8;5;1
QCH.exe;T15_medium;medium;instance_20_3_5_10_9_Mthr_0.txt;20;3;5;0;1;12225;325;7;7;10;1
QCH.exe;T15_medium;medium;instance_20_3_5_10_9_Mthr_1.txt;20;3;5;0;1;21621;501;8;8;8;1
QCH.exe;T15_medium;medium;instance_20_3_5_10_9_Mthr_2.txt;20;3;5;0;1;8188;548;2;2;9;1
QCH.exe;T15_medium;medium;instance_20_3_5_10_9_Mthr_3.txt;20;3;5;0;1;18990;430;8;8;6;1
QCH.exe;T15_medium;medium;instance_20_3_5_10_9_Mthr_4.txt;20;3;5;0;1;241;241;0;0;6;1
QCH.exe;T15_medium;medium;instance_20_3_5_10_9_Mthr_5.txt;20;3;5;0;1;16410;450;7;7;9;1
QCH.exe;T15_medium;medium;instance_20_3_5_10_9_Mthr_6.txt;20;3;5;0;1;23417;537;8;8;12;1
QCH.exe;T15_medium;medium;instance_20_3_5_10_9_Mthr_7.txt;20;3;5;0.0010024;1;12173;373;5;5;8;1
QCH.exe;T15_medium;medium;instance_20_3_5_10_9_Mthr_8.txt;20;3;5;0;1;6253;453;2;2;9;1
QCH.exe;T15_medium;medium;instance_20_3_5_10_9_Mthr_9.txt;20;3;5;0.001029;1;16806;486;8;8;13;1
QCH.exe;T15_small;small;instance_20_3_5_10_9_Sthr_0.txt;20;3;5;0;1;20878;578;7;7;9;1
QCH.exe;T15_small;small;instance_20_3_5_10_9_Sthr_1.txt;20;3;5;0;0; ; ; ; ; ; 
QCH.exe;T15_small;small;instance_20_3_5_10_9_Sthr_2.txt;20;3;5;0;0; ; ; ; ; ; 
QCH.exe;T15_small;small;instance_20_3_5_10_9_Sthr_3.txt;20;3;5;0;0; ; ; ; ; ; 
QCH.exe;T15_small;small;instance_20_3_5_10_9_Sthr_4.txt;20;3;5;0;1;20832;672;6;6;12;1
QCH.exe;T15_small;small;instance_20_3_5_10_9_Sthr_5.txt;20;3;5;0;0; ; ; ; ; ; 
QCH.exe;T15_small;small;instance_20_3_5_10_9_Sthr_6.txt;20;3;5;0;1;12192;392;5;5;14;1
QCH.exe;T15_small;small;instance_20_3_5_10_9_Sthr_7.txt;20;3;5;0;1;24399;559;8;8;12;1
QCH.exe;T15_small;small;instance_20_3_5_10_9_Sthr_8.txt;20;3;5;0;1;25610;650;8;8;11;1
QCH.exe;T15_small;small;instance_20_3_5_10_9_Sthr_9.txt;20;3;5;0;1;31650;610;8;8;11;1
QCH.exe;T16_big;big;instance_20_4_2_10_6_Bthr_0.txt;20;4;2;0;1;419;419;0;0;2;1
QCH.exe;T16_big;big;instance_20_4_2_10_6_Bthr_1.txt;20;4;2;0;1;320;320;0;0;2;1
QCH.exe;T16_big;big;instance_20_4_2_10_6_Bthr_2.txt;20;4;2;0;1;2938;298;1;1;2;1
QCH.exe;T16_big;big;instance_20_4_2_10_6_Bthr_3.txt;20;4;2;0;1;427;427;0;0;2;1
QCH.exe;T16_big;big;instance_20_4_2_10_6_Bthr_4.txt;20;4;2;0;1;251;251;0;0;2;1
QCH.exe;T16_big;big;instance_20_4_2_10_6_Bthr_5.txt;20;4;2;0;1;13894;574;3;3;4;1
QCH.exe;T16_big;big;instance_20_4_2_10_6_Bthr_6.txt;20;4;2;0;1;11912;712;2;2;6;1
QCH.exe;T16_big;big;instance_20_4_2_10_6_Bthr_7.txt;20;4;2;0;1;13168;368;4;4;2;1
QCH.exe;T16_big;big;instance_20_4_2_10_6_Bthr_8.txt;20;4;2;0;1;234;234;0;0;2;1
QCH.exe;T16_big;big;instance_20_4_2_10_6_Bthr_9.txt;20;4;2;0;1;13419;619;4;4;2;1
QCH.exe;T16_medium;medium;instance_20_4_2_10_6_Mthr_0.txt;20;4;2;0;1;531;531;0;0;2;1
QCH.exe;T16_medium;medium;instance_20_4_2_10_6_Mthr_1.txt;20;4;2;0;1;97;97;0;0;0;1
QCH.exe;T16_medium;medium;instance_20_4_2_10_6_Mthr_2.txt;20;4;2;0;1;6603;203;4;4;2;1
QCH.exe;T16_medium;medium;instance_20_4_2_10_6_Mthr_3.txt;20;4;2;0;1;430;430;0;0;2;1
QCH.exe;T16_medium;medium;instance_20_4_2_10_6_Mthr_4.txt;20;4;2;0;1;13308;308;5;5;2;1
QCH.exe;T16_medium;medium;instance_20_4_2_10_6_Mthr_5.txt;20;4;2;0;1;9044;344;3;3;2;1
QCH.exe;T16_medium;medium;instance_20_4_2_10_6_Mthr_6.txt;20;4;2;0;1;244;244;0;0;0;1
QCH.exe;T16_medium;medium;instance_20_4_2_10_6_Mthr_7.txt;20;4;2;0;1;6902;502;2;2;6;1
QCH.exe;T16_medium;medium;instance_20_4_2_10_6_Mthr_8.txt;20;4;2;0;1;5387;267;2;2;2;1
QCH.exe;T16_medium;medium;instance_20_4_2_10_6_Mthr_9.txt;20;4;2;0;1;394;394;0;0;4;1
QCH.exe;T16_small;small;instance_20_4_2_10_6_Sthr_0.txt;20;4;2;0;1;4233;413;1;1;6;1
QCH.exe;T16_small;small;instance_20_4_2_10_6_Sthr_1.txt;20;4;2;0;1;9958;358;3;3;4;1
QCH.exe;T16_small;small;instance_20_4_2_10_6_Sthr_2.txt;20;4;2;0;1;4772;132;4;4;2;1
QCH.exe;T16_small;small;instance_20_4_2_10_6_Sthr_3.txt;20;4;2;0;1;280;280;0;0;2;1
QCH.exe;T16_small;small;instance_20_4_2_10_6_Sthr_4.txt;20;4;2;0;1;5620;620;1;1;7;1
QCH.exe;T16_small;small;instance_20_4_2_10_6_Sthr_5.txt;20;4;2;0.0010032;1;10023;303;3;3;2;1
QCH.exe;T16_small;small;instance_20_4_2_10_6_Sthr_6.txt;20;4;2;0;1;14035;535;3;3;4;1
QCH.exe;T16_small;small;instance_20_4_2_10_6_Sthr_7.txt;20;4;2;0;1;3443;323;1;1;2;1
QCH.exe;T16_small;small;instance_20_4_2_10_6_Sthr_8.txt;20;4;2;0;1;9130;330;4;4;6;1
QCH.exe;T16_small;small;instance_20_4_2_10_6_Sthr_9.txt;20;4;2;0;1;15188;468;4;4;6;1
QCH.exe;T17_big;big;instance_20_4_3_10_7_Bthr_0.txt;20;4;3;0;1;240;240;0;0;3;1
QCH.exe;T17_big;big;instance_20_4_3_10_7_Bthr_1.txt;20;4;3;0;1;358;358;0;0;4;1
QCH.exe;T17_big;big;instance_20_4_3_10_7_Bthr_2.txt;20;4;3;0;1;291;291;0;0;3;1
QCH.exe;T17_big;big;instance_20_4_3_10_7_Bthr_3.txt;20;4;3;0;1;527;527;0;0;4;1
QCH.exe;T17_big;big;instance_20_4_3_10_7_Bthr_4.txt;20;4;3;0;1;224;224;0;0;3;1
QCH.exe;T17_big;big;instance_20_4_3_10_7_Bthr_5.txt;20;4;3;0;1;459;459;0;0;4;1
QCH.exe;T17_big;big;instance_20_4_3_10_7_Bthr_6.txt;20;4;3;0;1;12026;426;4;4;2;1
QCH.exe;T17_big;big;instance_20_4_3_10_7_Bthr_7.txt;20;4;3;0;1;4739;259;2;2;2;1
QCH.exe;T17_big;big;instance_20_4_3_10_7_Bthr_8.txt;20;4;3;0;1;3621;441;1;1;6;1
QCH.exe;T17_big;big;instance_20_4_3_10_7_Bthr_9.txt;20;4;3;0;1;24315;715;5;5;7;1
QCH.exe;T17_medium;medium;instance_20_4_3_10_7_Mthr_0.txt;20;4;3;0;1;13450;370;6;6;3;1
QCH.exe;T17_medium;medium;instance_20_4_3_10_7_Mthr_1.txt;20;4;3;0;1;381;381;0;0;5;1
QCH.exe;T17_medium;medium;instance_20_4_3_10_7_Mthr_2.txt;20;4;3;0;1;7269;229;4;4;3;1
QCH.exe;T17_medium;medium;instance_20_4_3_10_7_Mthr_3.txt;20;4;3;0.0010302;1;23879;719;6;6;6;1
QCH.exe;T17_medium;medium;instance_20_4_3_10_7_Mthr_4.txt;20;4;3;0;1;5354;314;2;2;5;1
QCH.exe;T17_medium;medium;instance_20_4_3_10_7_Mthr_5.txt;20;4;3;0;1;10302;462;3;3;8;1
QCH.exe;T17_medium;medium;instance_20_4_3_10_7_Mthr_6.txt;20;4;3;0;1;283;283;0;0;4;1
QCH.exe;T17_medium;medium;instance_20_4_3_10_7_Mthr_7.txt;20;4;3;0;1;5589;349;2;2;4;1
QCH.exe;T17_medium;medium;instance_20_4_3_10_7_Mthr_8.txt;20;4;3;0;1;11944;484;3;3;6;1
QCH.exe;T17_medium;medium;instance_20_4_3_10_7_Mthr_9.txt;20;4;3;0;1;18548;548;5;5;7;1
QCH.exe;T17_small;small;instance_20_4_3_10_7_Sthr_0.txt;20;4;3;0;1;11150;250;5;5;2;1
QCH.exe;T17_small;small;instance_20_4_3_10_7_Sthr_1.txt;20;4;3;0;1;6977;417;2;2;9;1
QCH.exe;T17_small;small;instance_20_4_3_10_7_Sthr_2.txt;20;4;3;0;1;11459;259;5;5;3;1
QCH.exe;T17_small;small;instance_20_4_3_10_7_Sthr_3.txt;20;4;3;0;1;30950;830;6;6;7;1
QCH.exe;T17_small;small;instance_20_4_3_10_7_Sthr_4.txt;20;4;3;0;1;176;176;0;0;1;1
QCH.exe;T17_small;small;instance_20_4_3_10_7_Sthr_5.txt;20;4;3;0;1;15141;501;6;6;5;1
QCH.exe;T17_small;small;instance_20_4_3_10_7_Sthr_6.txt;20;4;3;0;1;13047;507;3;3;4;1
QCH.exe;T17_small;small;instance_20_4_3_10_7_Sthr_7.txt;20;4;3;0;1;6480;320;2;2;5;1
QCH.exe;T17_small;small;instance_20_4_3_10_7_Sthr_8.txt;20;4;3;0;1;26805;645;6;6;7;1
QCH.exe;T17_small;small;instance_20_4_3_10_7_Sthr_9.txt;20;4;3;0;1;11696;416;3;3;3;1
QCH.exe;T18_big;big;instance_20_4_4_10_11_Bthr_0.txt;20;4;4;0;1;305;305;0;0;6;1
QCH.exe;T18_big;big;instance_20_4_4_10_11_Bthr_1.txt;20;4;4;0;1;32011;691;6;6;9;1
QCH.exe;T18_big;big;instance_20_4_4_10_11_Bthr_2.txt;20;4;4;0;1;346;346;0;0;7;1
QCH.exe;T18_big;big;instance_20_4_4_10_11_Bthr_3.txt;20;4;4;0;1;483;483;0;0;5;1
QCH.exe;T18_big;big;instance_20_4_4_10_11_Bthr_4.txt;20;4;4;0.0010018;1;178;178;0;0;6;1
QCH.exe;T18_big;big;instance_20_4_4_10_11_Bthr_5.txt;20;4;4;0;1;34971;571;10;10;7;1
QCH.exe;T18_big;big;instance_20_4_4_10_11_Bthr_6.txt;20;4;4;0;1;20503;463;6;6;11;1
QCH.exe;T18_big;big;instance_20_4_4_10_11_Bthr_7.txt;20;4;4;0;1;342;342;0;0;7;1
QCH.exe;T18_big;big;instance_20_4_4_10_11_Bthr_8.txt;20;4;4;0;1;159;159;0;0;7;1
QCH.exe;T18_big;big;instance_20_4_4_10_11_Bthr_9.txt;20;4;4;0;1;308;308;0;0;5;1
QCH.exe;T18_medium;medium;instance_20_4_4_10_11_Mthr_0.txt;20;4;4;0;1;242;242;0;0;6;1
QCH.exe;T18_medium;medium;instance_20_4_4_10_11_Mthr_1.txt;20;4;4;0;1;17083;283;7;7;6;1
QCH.exe;T18_medium;medium;instance_20_4_4_10_11_Mthr_2.txt;20;4;4;0;1;2751;271;1;1;7;1
QCH.exe;T18_medium;medium;instance_20_4_4_10_11_Mthr_3.txt;20;4;4;0;1;14174;254;6;6;6;1
QCH.exe;T18_medium;medium;instance_20_4_4_10_11_Mthr_4.txt;20;4;4;0;1;38137;537;10;10;6;1
QCH.exe;T18_medium;medium;instance_20_4_4_10_11_Mthr_5.txt;20;4;4;0;1;26151;531;7;7;8;1
QCH.exe;T18_medium;medium;instance_20_4_4_10_11_Mthr_6.txt;20;4;4;0;1;9159;279;4;4;10;1
QCH.exe;T18_medium;medium;instance_20_4_4_10_11_Mthr_7.txt;20;4;4;0;1;9704;544;2;2;11;1
QCH.exe;T18_medium;medium;instance_20_4_4_10_11_Mthr_8.txt;20;4;4;0;1;10570;330;4;4;8;1
QCH.exe;T18_medium;medium;instance_20_4_4_10_11_Mthr_9.txt;20;4;4;0;1;176;176;0;0;6;1
QCH.exe;T18_small;small;instance_20_4_4_10_11_Sthr_0.txt;20;4;4;0;1;26337;417;8;8;10;1
QCH.exe;T18_small;small;instance_20_4_4_10_11_Sthr_1.txt;20;4;4;0;1;29628;468;9;9;8;1
QCH.exe;T18_small;small;instance_20_4_4_10_11_Sthr_2.txt;20;4;4;0;0; ; ; ; ; ; 
QCH.exe;T18_small;small;instance_20_4_4_10_11_Sthr_3.txt;20;4;4;0;1;16559;319;7;7;15;1
QCH.exe;T18_small;small;instance_20_4_4_10_11_Sthr_4.txt;20;4;4;0;1;32775;615;8;8;11;1
QCH.exe;T18_small;small;instance_20_4_4_10_11_Sthr_5.txt;20;4;4;0;1;6787;247;3;3;9;1
QCH.exe;T18_small;small;instance_20_4_4_10_11_Sthr_6.txt;20;4;4;0;1;16445;345;5;5;8;1
QCH.exe;T18_small;small;instance_20_4_4_10_11_Sthr_7.txt;20;4;4;0;0; ; ; ; ; ; 
QCH.exe;T18_small;small;instance_20_4_4_10_11_Sthr_8.txt;20;4;4;0;1;16667;467;5;5;13;1
QCH.exe;T18_small;small;instance_20_4_4_10_11_Sthr_9.txt;20;4;4;0;1;18003;203;10;10;10;1
QCH.exe;T19_big;big;instance_20_4_5_10_13_Bthr_0.txt;20;4;5;0;1;226;226;0;0;8;1
QCH.exe;T19_big;big;instance_20_4_5_10_13_Bthr_1.txt;20;4;5;0;1;277;277;0;0;7;1
QCH.exe;T19_big;big;instance_20_4_5_10_13_Bthr_2.txt;20;4;5;0;1;250;250;0;0;7;1
QCH.exe;T19_big;big;instance_20_4_5_10_13_Bthr_3.txt;20;4;5;0;1;137;137;0;0;7;1
QCH.exe;T19_big;big;instance_20_4_5_10_13_Bthr_4.txt;20;4;5;0;1;311;311;0;0;8;1
QCH.exe;T19_big;big;instance_20_4_5_10_13_Bthr_5.txt;20;4;5;0;1;8458;538;2;2;13;1
QCH.exe;T19_big;big;instance_20_4_5_10_13_Bthr_6.txt;20;4;5;0;1;194;194;0;0;8;1
QCH.exe;T19_big;big;instance_20_4_5_10_13_Bthr_7.txt;20;4;5;0;1;42568;568;12;12;6;1
QCH.exe;T19_big;big;instance_20_4_5_10_13_Bthr_8.txt;20;4;5;0;1;129;129;0;0;7;1
QCH.exe;T19_big;big;instance_20_4_5_10_13_Bthr_9.txt;20;4;5;0;1;159;159;0;0;8;1
QCH.exe;T19_medium;medium;instance_20_4_5_10_13_Mthr_0.txt;20;4;5;0;1;20950;310;8;8;11;1
QCH.exe;T19_medium;medium;instance_20_4_5_10_13_Mthr_1.txt;20;4;5;0;1;188;188;0;0;6;1
QCH.exe;T19_medium;medium;instance_20_4_5_10_13_Mthr_2.txt;20;4;5;0;1;24104;344;11;11;12;1
QCH.exe;T19_medium;medium;instance_20_4_5_10_13_Mthr_3.txt;20;4;5;0.0010027;1;6419;239;3;3;9;1
QCH.exe;T19_medium;medium;instance_20_4_5_10_13_Mthr_4.txt;20;4;5;0;1;14914;274;6;6;9;1
QCH.exe;T19_medium;medium;instance_20_4_5_10_13_Mthr_5.txt;20;4;5;0;1;31949;449;9;9;9;1
QCH.exe;T19_medium;medium;instance_20_4_5_10_13_Mthr_6.txt;20;4;5;0;1;9030;330;3;3;7;1
QCH.exe;T19_medium;medium;instance_20_4_5_10_13_Mthr_7.txt;20;4;5;0;1;25721;341;9;9;9;1
QCH.exe;T19_medium;medium;instance_20_4_5_10_13_Mthr_8.txt;20;4;5;0;1;34084;484;10;10;13;1
QCH.exe;T19_medium;medium;instance_20_4_5_10_13_Mthr_9.txt;20;4;5;0;1;24088;288;10;10;9;1
QCH.exe;T19_small;small;instance_20_4_5_10_13_Sthr_0.txt;20;4;5;0;1;26128;508;7;7;10;1
QCH.exe;T19_small;small;instance_20_4_5_10_13_Sthr_1.txt;20;4;5;0;0; ; ; ; ; ; 
QCH.exe;T19_small;small;instance_20_4_5_10_13_Sthr_2.txt;20;4;5;0;1;17205;265;7;7;10;1
QCH.exe;T19_small;small;instance_20_4_5_10_13_Sthr_3.txt;20;4;5;0;1;20138;298;8;8;7;1
QCH.exe;T19_small;small;instance_20_4_5_10_13_Sthr_4.txt;20;4;5;0;1;12176;276;5;5;12;1
QCH.exe;T19_small;small;instance_20_4_5_10_13_Sthr_5.txt;20;4;5;0;1;31330;530;10;10;7;1
QCH.exe;T19_small;small;instance_20_4_5_10_13_Sthr_6.txt;20;4;5;0;1;22765;365;8;8;9;1
QCH.exe;T19_small;small;instance_20_4_5_10_13_Sthr_7.txt;20;4;5;0;0; ; ; ; ; ; 
QCH.exe;T19_small;small;instance_20_4_5_10_13_Sthr_8.txt;20;4;5;0;1;44277;497;11;11;12;1
QCH.exe;T19_small;small;instance_20_4_5_10_13_Sthr_9.txt;20;4;5;0;1;149;149;0;0;8;1
QCH.exe;T20_big;big;instance_30_3_2_10_4_Bthr_0.txt;30;3;2;0.0010308;1;9697;1177;1;1;3;1
QCH.exe;T20_big;big;instance_30_3_2_10_4_Bthr_1.txt;30;3;2;0;1;18332;1052;3;3;5;1
QCH.exe;T20_big;big;instance_30_3_2_10_4_Bthr_2.txt;30;3;2;0;1;12646;766;2;2;5;1
QCH.exe;T20_big;big;instance_30_3_2_10_4_Bthr_3.txt;30;3;2;0;1;20698;1078;3;3;3;1
QCH.exe;T20_big;big;instance_30_3_2_10_4_Bthr_4.txt;30;3;2;0;1;16224;744;3;3;1;1
QCH.exe;T20_big;big;instance_30_3_2_10_4_Bthr_5.txt;30;3;2;0;1;16437;1317;3;3;1;1
QCH.exe;T20_big;big;instance_30_3_2_10_4_Bthr_6.txt;30;3;2;0;1;12831;681;3;3;5;1
QCH.exe;T20_big;big;instance_30_3_2_10_4_Bthr_7.txt;30;3;2;0;1;28509;1509;3;3;2;1
QCH.exe;T20_big;big;instance_30_3_2_10_4_Bthr_8.txt;30;3;2;0;1;33340;2020;3;3;5;1
QCH.exe;T20_big;big;instance_30_3_2_10_4_Bthr_9.txt;30;3;2;0;1;573;573;0;0;1;1
QCH.exe;T20_medium;medium;instance_30_3_2_10_4_Mthr_0.txt;30;3;2;0;1;5432;662;1;1;4;1
QCH.exe;T20_medium;medium;instance_30_3_2_10_4_Mthr_1.txt;30;3;2;0;1;1276;1276;0;0;3;1
QCH.exe;T20_medium;medium;instance_30_3_2_10_4_Mthr_2.txt;30;3;2;0;1;690;690;0;0;2;1
QCH.exe;T20_medium;medium;instance_30_3_2_10_4_Mthr_3.txt;30;3;2;0;1;10532;632;2;2;0;1
QCH.exe;T20_medium;medium;instance_30_3_2_10_4_Mthr_4.txt;30;3;2;0;1;790;790;0;0;2;1
QCH.exe;T20_medium;medium;instance_30_3_2_10_4_Mthr_5.txt;30;3;2;0;1;1189;1189;0;0;3;1
QCH.exe;T20_medium;medium;instance_30_3_2_10_4_Mthr_6.txt;30;3;2;0.0009632;1;385;385;0;0;2;1
QCH.exe;T20_medium;medium;instance_30_3_2_10_4_Mthr_7.txt;30;3;2;0;1;34770;1830;3;3;7;1
QCH.exe;T20_medium;medium;instance_30_3_2_10_4_Mthr_8.txt;30;3;2;0;1;1293;1293;0;0;5;1
QCH.exe;T20_medium;medium;instance_30_3_2_10_4_Mthr_9.txt;30;3;2;0;1;18317;857;3;3;3;1
QCH.exe;T20_small;small;instance_30_3_2_10_4_Sthr_0.txt;30;3;2;0;1;9176;1076;1;1;5;1
QCH.exe;T20_small;small;instance_30_3_2_10_4_Sthr_1.txt;30;3;2;0.0010024;1;26742;1902;3;3;5;1
QCH.exe;T20_small;small;instance_30_3_2_10_4_Sthr_2.txt;30;3;2;0;1;23244;1344;2;2;6;1
QCH.exe;T20_small;small;instance_30_3_2_10_4_Sthr_3.txt;30;3;2;0;1;22758;1968;3;3;3;1
QCH.exe;T20_small;small;instance_30_3_2_10_4_Sthr_4.txt;30;3;2;0;1;13421;1001;2;2;5;1
QCH.exe;T20_small;small;instance_30_3_2_10_4_Sthr_5.txt;30;3;2;0;1;4889;749;1;1;5;1
QCH.exe;T20_small;small;instance_30_3_2_10_4_Sthr_6.txt;30;3;2;0;1;11742;492;3;3;3;1
QCH.exe;T20_small;small;instance_30_3_2_10_4_Sthr_7.txt;30;3;2;0;1;13229;629;3;3;3;1
QCH.exe;T20_small;small;instance_30_3_2_10_4_Sthr_8.txt;30;3;2;0;1;13652;692;3;3;4;1
QCH.exe;T20_small;small;instance_30_3_2_10_4_Sthr_9.txt;30;3;2;0;1;13980;840;3;3;7;1
QCH.exe;T21_big;big;instance_30_3_3_10_7_Bthr_0.txt;30;3;3;0;1;63695;2135;6;6;12;1
QCH.exe;T21_big;big;instance_30_3_3_10_7_Bthr_1.txt;30;3;3;0;1;25650;1350;3;3;10;1
QCH.exe;T21_big;big;instance_30_3_3_10_7_Bthr_2.txt;30;3;3;0;1;37547;1007;6;6;6;1
QCH.exe;T21_big;big;instance_30_3_3_10_7_Bthr_3.txt;30;3;3;0;1;28653;1203;3;3;5;1
QCH.exe;T21_big;big;instance_30_3_3_10_7_Bthr_4.txt;30;3;3;0;1;21266;1016;3;3;8;1
QCH.exe;T21_big;big;instance_30_3_3_10_7_Bthr_5.txt;30;3;3;0;1;1297;1297;0;0;16;1
QCH.exe;T21_big;big;instance_30_3_3_10_7_Bthr_6.txt;30;3;3;0;1;19460;620;4;4;12;1
QCH.exe;T21_big;big;instance_30_3_3_10_7_Bthr_7.txt;30;3;3;0;1;41300;1160;6;6;13;1
QCH.exe;T21_big;big;instance_30_3_3_10_7_Bthr_8.txt;30;3;3;0;1;7448;998;1;1;15;1
QCH.exe;T21_big;big;instance_30_3_3_10_7_Bthr_9.txt;30;3;3;0;1;1257;1257;0;0;17;1
QCH.exe;T21_medium;medium;instance_30_3_3_10_7_Mthr_0.txt;30;3;3;0;1;37148;1148;5;5;19;1
QCH.exe;T21_medium;medium;instance_30_3_3_10_7_Mthr_1.txt;30;3;3;0;1;671;671;0;0;13;1
QCH.exe;T21_medium;medium;instance_30_3_3_10_7_Mthr_2.txt;30;3;3;0.0010027;1;40103;1223;6;6;16;1
QCH.exe;T21_medium;medium;instance_30_3_3_10_7_Mthr_3.txt;30;3;3;0;1;10367;1457;1;1;20;1
QCH.exe;T21_medium;medium;instance_30_3_3_10_7_Mthr_4.txt;30;3;3;0;1;929;929;0;0;10;1
QCH.exe;T21_medium;medium;instance_30_3_3_10_7_Mthr_5.txt;30;3;3;0.0010082;1;20873;713;4;4;11;1
QCH.exe;T21_medium;medium;instance_30_3_3_10_7_Mthr_6.txt;30;3;3;0;1;28866;1146;4;4;19;1
QCH.exe;T21_medium;medium;instance_30_3_3_10_7_Mthr_7.txt;30;3;3;0;1;38519;1679;4;4;14;1
QCH.exe;T21_medium;medium;instance_30_3_3_10_7_Mthr_8.txt;30;3;3;0;1;57127;1867;6;6;13;1
QCH.exe;T21_medium;medium;instance_30_3_3_10_7_Mthr_9.txt;30;3;3;0;1;50273;1853;6;6;7;1
QCH.exe;T21_small;small;instance_30_3_3_10_7_Sthr_0.txt;30;3;3;0;1;10854;1524;1;1;22;1
QCH.exe;T21_small;small;instance_30_3_3_10_7_Sthr_1.txt;30;3;3;0.0010021;1;15107;707;3;3;14;1
QCH.exe;T21_small;small;instance_30_3_3_10_7_Sthr_2.txt;30;3;3;0;1;60089;1889;5;5;19;1
QCH.exe;T21_small;small;instance_30_3_3_10_7_Sthr_3.txt;30;3;3;0;1;17638;898;3;3;17;1
QCH.exe;T21_small;small;instance_30_3_3_10_7_Sthr_4.txt;30;3;3;0;1;693;693;0;0;13;1
QCH.exe;T21_small;small;instance_30_3_3_10_7_Sthr_5.txt;30;3;3;0;1;867;867;0;0;21;1
QCH.exe;T21_small;small;instance_30_3_3_10_7_Sthr_6.txt;30;3;3;0;1;12325;1675;1;1;23;1
QCH.exe;T21_small;small;instance_30_3_3_10_7_Sthr_7.txt;30;3;3;0;1;33031;1351;4;4;19;1
QCH.exe;T21_small;small;instance_30_3_3_10_7_Sthr_8.txt;30;3;3;0;1;38278;1228;5;5;13;1
QCH.exe;T21_small;small;instance_30_3_3_10_7_Sthr_9.txt;30;3;3;0.0010021;0; ; ; ; ; ; 
QCH.exe;T22_big;big;instance_30_3_4_10_8_Bthr_0.txt;30;3;4;0;1;26427;987;4;4;13;1
QCH.exe;T22_big;big;instance_30_3_4_10_8_Bthr_1.txt;30;3;4;0;1;329;329;0;0;9;1
QCH.exe;T22_big;big;instance_30_3_4_10_8_Bthr_2.txt;30;3;4;0;1;722;722;0;0;17;1
QCH.exe;T22_big;big;instance_30_3_4_10_8_Bthr_3.txt;30;3;4;0;1;7847;917;1;1;13;1
QCH.exe;T22_big;big;instance_30_3_4_10_8_Bthr_4.txt;30;3;4;0;1;34173;1023;5;5;13;1
QCH.exe;T22_big;big;instance_30_3_4_10_8_Bthr_5.txt;30;3;4;0;1;9340;1180;1;1;15;1
QCH.exe;T22_big;big;instance_30_3_4_10_8_Bthr_6.txt;30;3;4;0;1;42450;1050;6;6;14;1
QCH.exe;T22_big;big;instance_30_3_4_10_8_Bthr_7.txt;30;3;4;0;1;42929;1139;7;7;11;1
QCH.exe;T22_big;big;instance_30_3_4_10_8_Bthr_8.txt;30;3;4;0;1;58440;1560;6;6;19;1
QCH.exe;T22_big;big;instance_30_3_4_10_8_Bthr_9.txt;30;3;4;0;1;30393;873;6;6;11;1
QCH.exe;T22_medium;medium;instance_30_3_4_10_8_Mthr_0.txt;30;3;4;0;1;25413;513;5;5;7;1
QCH.exe;T22_medium;medium;instance_30_3_4_10_8_Mthr_1.txt;30;3;4;0;1;73862;2042;7;7;18;1
QCH.exe;T22_medium;medium;instance_30_3_4_10_8_Mthr_2.txt;30;3;4;0;1;29466;696;7;7;10;1
QCH.exe;T22_medium;medium;instance_30_3_4_10_8_Mthr_3.txt;30;3;4;0;1;45695;1235;6;6;23;1
QCH.exe;T22_medium;medium;instance_30_3_4_10_8_Mthr_4.txt;30;3;4;0;1;29262;1182;4;4;23;1
QCH.exe;T22_medium;medium;instance_30_3_4_10_8_Mthr_5.txt;30;3;4;0;1;31677;1707;3;3;21;1
QCH.exe;T22_medium;medium;instance_30_3_4_10_8_Mthr_6.txt;30;3;4;0;1;20308;1048;3;3;22;1
QCH.exe;T22_medium;medium;instance_30_3_4_10_8_Mthr_7.txt;30;3;4;0;1;5652;702;1;1;18;1
QCH.exe;T22_medium;medium;instance_30_3_4_10_8_Mthr_8.txt;30;3;4;0;1;36810;990;6;6;19;1
QCH.exe;T22_medium;medium;instance_30_3_4_10_8_Mthr_9.txt;30;3;4;0;1;36164;884;6;6;17;1
QCH.exe;T22_small;small;instance_30_3_4_10_8_Sthr_0.txt;30;3;4;0;1;49480;1180;7;7;16;1
QCH.exe;T22_small;small;instance_30_3_4_10_8_Sthr_1.txt;30;3;4;0;1;47920;1300;7;7;17;1
QCH.exe;T22_small;small;instance_30_3_4_10_8_Sthr_2.txt;30;3;4;0;1;49972;1192;6;6;17;1
QCH.exe;T22_small;small;instance_30_3_4_10_8_Sthr_3.txt;30;3;4;0;0; ; ; ; ; ; 
QCH.exe;T22_small;small;instance_30_3_4_10_8_Sthr_4.txt;30;3;4;0;0; ; ; ; ; ; 
QCH.exe;T22_small;small;instance_30_3_4_10_8_Sthr_5.txt;30;3;4;0;1;31118;698;6;6;16;1
QCH.exe;T22_small;small;instance_30_3_4_10_8_Sthr_6.txt;30;3;4;0;1;29234;1034;5;5;17;1
QCH.exe;T22_small;small;instance_30_3_4_10_8_Sthr_7.txt;30;3;4;0;1;36074;974;6;6;15;1
QCH.exe;T22_small;small;instance_30_3_4_10_8_Sthr_8.txt;30;3;4;0;1;31512;732;6;6;13;1
QCH.exe;T22_small;small;instance_30_3_4_10_8_Sthr_9.txt;30;3;4;0;0; ; ; ; ; ; 
QCH.exe;T23_big;big;instance_30_3_5_10_13_Bthr_0.txt;30;3;5;0;1;18415;865;3;3;19;1
QCH.exe;T23_big;big;instance_30_3_5_10_13_Bthr_1.txt;30;3;5;0;1;574;574;0;0;16;1
QCH.exe;T23_big;big;instance_30_3_5_10_13_Bthr_2.txt;30;3;5;0;1;60271;1231;8;8;23;1
QCH.exe;T23_big;big;instance_30_3_5_10_13_Bthr_3.txt;30;3;5;0;1;25705;865;4;4;19;1
QCH.exe;T23_big;big;instance_30_3_5_10_13_Bthr_4.txt;30;3;5;0;1;36708;798;7;7;20;1
QCH.exe;T23_big;big;instance_30_3_5_10_13_Bthr_5.txt;30;3;5;0;1;45010;850;8;8;18;1
QCH.exe;T23_big;big;instance_30_3_5_10_13_Bthr_6.txt;30;3;5;0;1;25549;649;5;5;15;1
QCH.exe;T23_big;big;instance_30_3_5_10_13_Bthr_7.txt;30;3;5;0;1;18841;841;3;3;16;1
QCH.exe;T23_big;big;instance_30_3_5_10_13_Bthr_8.txt;30;3;5;0;1;18389;839;3;3;20;1
QCH.exe;T23_big;big;instance_30_3_5_10_13_Bthr_9.txt;30;3;5;0;1;26805;555;7;7;21;1
QCH.exe;T23_medium;medium;instance_30_3_5_10_13_Mthr_0.txt;30;3;5;0;1;32329;829;5;5;19;1
QCH.exe;T23_medium;medium;instance_30_3_5_10_13_Mthr_1.txt;30;3;5;0;1;32707;577;9;9;19;1
QCH.exe;T23_medium;medium;instance_30_3_5_10_13_Mthr_2.txt;30;3;5;0;1;36963;963;5;5;19;1
QCH.exe;T23_medium;medium;instance_30_3_5_10_13_Mthr_3.txt;30;3;5;0;1;31691;731;6;6;19;1
QCH.exe;T23_medium;medium;instance_30_3_5_10_13_Mthr_4.txt;30;3;5;0;0; ; ; ; ; ; 
QCH.exe;T23_medium;medium;instance_30_3_5_10_13_Mthr_5.txt;30;3;5;0;1;34999;769;7;7;24;1
QCH.exe;T23_medium;medium;instance_30_3_5_10_13_Mthr_6.txt;30;3;5;0;1;51105;1125;7;7;24;1
QCH.exe;T23_medium;medium;instance_30_3_5_10_13_Mthr_7.txt;30;3;5;0;1;58766;1526;6;6;21;1
QCH.exe;T23_medium;medium;instance_30_3_5_10_13_Mthr_8.txt;30;3;5;0;0; ; ; ; ; ; 
QCH.exe;T23_medium;medium;instance_30_3_5_10_13_Mthr_9.txt;30;3;5;0;1;24992;992;4;4;24;1
QCH.exe;T23_small;small;instance_30_3_5_10_13_Sthr_0.txt;30;3;5;0;0; ; ; ; ; ; 
QCH.exe;T23_small;small;instance_30_3_5_10_13_Sthr_1.txt;30;3;5;0;0; ; ; ; ; ; 
QCH.exe;T23_small;small;instance_30_3_5_10_13_Sthr_2.txt;30;3;5;0;1;91398;1308;11;11;18;1
QCH.exe;T23_small;small;instance_30_3_5_10_13_Sthr_3.txt;30;3;5;0;1;49448;1148;7;7;23;1
QCH.exe;T23_small;small;instance_30_3_5_10_13_Sthr_4.txt;30;3;5;0;0; ; ; ; ; ; 
QCH.exe;T23_small;small;instance_30_3_5_10_13_Sthr_5.txt;30;3;5;0;1;67804;844;12;12;19;1
QCH.exe;T23_small;small;instance_30_3_5_10_13_Sthr_6.txt;30;3;5;0;0; ; ; ; ; ; 
QCH.exe;T23_small;small;instance_30_3_5_10_13_Sthr_7.txt;30;3;5;0;0; ; ; ; ; ; 
QCH.exe;T23_small;small;instance_30_3_5_10_13_Sthr_8.txt;30;3;5;0;1;48561;771;9;9;26;1
QCH.exe;T23_small;small;instance_30_3_5_10_13_Sthr_9.txt;30;3;5;0;1;33486;486;10;10;22;1
QCH.exe;T24_big;big;instance_30_4_4_10_10_Bthr_0.txt;30;4;4;0;1;280;280;0;0;6;1
QCH.exe;T24_big;big;instance_30_4_4_10_10_Bthr_1.txt;30;4;4;0;1;41526;726;8;8;13;1
QCH.exe;T24_big;big;instance_30_4_4_10_10_Bthr_2.txt;30;4;4;0;1;20725;835;3;3;11;1
QCH.exe;T24_big;big;instance_30_4_4_10_10_Bthr_3.txt;30;4;4;0;1;32563;403;8;8;8;1
QCH.exe;T24_big;big;instance_30_4_4_10_10_Bthr_4.txt;30;4;4;0;1;30084;564;6;6;9;1
QCH.exe;T24_big;big;instance_30_4_4_10_10_Bthr_5.txt;30;4;4;0;1;14470;730;2;2;7;1
QCH.exe;T24_big;big;instance_30_4_4_10_10_Bthr_6.txt;30;4;4;0;1;14655;855;2;2;14;1
QCH.exe;T24_big;big;instance_30_4_4_10_10_Bthr_7.txt;30;4;4;0;1;40041;891;5;5;9;1
QCH.exe;T24_big;big;instance_30_4_4_10_10_Bthr_8.txt;30;4;4;0;1;32474;824;5;5;18;1
QCH.exe;T24_big;big;instance_30_4_4_10_10_Bthr_9.txt;30;4;4;0;1;51597;987;7;7;9;1
QCH.exe;T24_medium;medium;instance_30_4_4_10_10_Mthr_0.txt;30;4;4;0;1;848;848;0;0;17;1
QCH.exe;T24_medium;medium;instance_30_4_4_10_10_Mthr_1.txt;30;4;4;0;1;32163;1083;4;4;14;1
QCH.exe;T24_medium;medium;instance_30_4_4_10_10_Mthr_2.txt;30;4;4;0;1;40251;561;7;7;9;1
QCH.exe;T24_medium;medium;instance_30_4_4_10_10_Mthr_3.txt;30;4;4;0;1;91742;1562;9;9;18;1
QCH.exe;T24_medium;medium;instance_30_4_4_10_10_Mthr_4.txt;30;4;4;0;1;35134;754;6;6;11;1
QCH.exe;T24_medium;medium;instance_30_4_4_10_10_Mthr_5.txt;30;4;4;0;1;25673;473;5;5;9;1
QCH.exe;T24_medium;medium;instance_30_4_4_10_10_Mthr_6.txt;30;4;4;0;1;27348;708;4;4;14;1
QCH.exe;T24_medium;medium;instance_30_4_4_10_10_Mthr_7.txt;30;4;4;0;1;55615;895;8;8;9;1
QCH.exe;T24_medium;medium;instance_30_4_4_10_10_Mthr_8.txt;30;4;4;0;1;103820;1490;9;9;18;1
QCH.exe;T24_medium;medium;instance_30_4_4_10_10_Mthr_9.txt;30;4;4;0;1;17014;454;4;4;13;1
QCH.exe;T24_small;small;instance_30_4_4_10_10_Sthr_0.txt;30;4;4;0;1;13289;809;2;2;22;1
QCH.exe;T24_small;small;instance_30_4_4_10_10_Sthr_1.txt;30;4;4;0;1;54952;952;8;8;12;1
QCH.exe;T24_small;small;instance_30_4_4_10_10_Sthr_2.txt;30;4;4;0;1;35642;572;7;7;15;1
QCH.exe;T24_small;small;instance_30_4_4_10_10_Sthr_3.txt;30;4;4;0.001003;1;52705;865;9;9;6;1
QCH.exe;T24_small;small;instance_30_4_4_10_10_Sthr_4.txt;30;4;4;0;1;47286;846;9;9;9;1
QCH.exe;T24_small;small;instance_30_4_4_10_10_Sthr_5.txt;30;4;4;0;0; ; ; ; ; ; 
QCH.exe;T24_small;small;instance_30_4_4_10_10_Sthr_6.txt;30;4;4;0;1;60013;973;6;6;10;1
QCH.exe;T24_small;small;instance_30_4_4_10_10_Sthr_7.txt;30;4;4;0;1;45861;741;8;8;21;1
QCH.exe;T24_small;small;instance_30_4_4_10_10_Sthr_8.txt;30;4;4;0;1;58933;1183;7;7;10;1
QCH.exe;T24_small;small;instance_30_4_4_10_10_Sthr_9.txt;30;4;4;0;1;33412;892;4;4;15;1
QCH.exe;T25_big;big;instance_30_5_5_10_14_Bthr_0.txt;30;5;5;0.0010036;1;413;413;0;0;7;1
QCH.exe;T25_big;big;instance_30_5_5_10_14_Bthr_1.txt;30;5;5;0;1;48834;534;10;10;14;1
QCH.exe;T25_big;big;instance_30_5_5_10_14_Bthr_2.txt;30;5;5;0;1;63711;921;7;7;11;1
QCH.exe;T25_big;big;instance_30_5_5_10_14_Bthr_3.txt;30;5;5;0;1;17195;545;3;3;12;1
QCH.exe;T25_big;big;instance_30_5_5_10_14_Bthr_4.txt;30;5;5;0;1;24302;812;3;3;13;1
QCH.exe;T25_big;big;instance_30_5_5_10_14_Bthr_5.txt;30;5;5;0;1;113261;1331;13;13;11;1
QCH.exe;T25_big;big;instance_30_5_5_10_14_Bthr_6.txt;30;5;5;0;1;361;361;0;0;10;1
QCH.exe;T25_big;big;instance_30_5_5_10_14_Bthr_7.txt;30;5;5;0;1;47689;649;7;7;11;1
QCH.exe;T25_big;big;instance_30_5_5_10_14_Bthr_8.txt;30;5;5;0.0010021;1;520;520;0;0;9;1
QCH.exe;T25_big;big;instance_30_5_5_10_14_Bthr_9.txt;30;5;5;0.0010021;1;47066;656;7;7;8;1
QCH.exe;T25_medium;medium;instance_30_5_5_10_14_Mthr_0.txt;30;5;5;0;1;26910;510;5;5;14;1
QCH.exe;T25_medium;medium;instance_30_5_5_10_14_Mthr_1.txt;30;5;5;0;1;92082;822;13;13;13;1
QCH.exe;T25_medium;medium;instance_30_5_5_10_14_Mthr_2.txt;30;5;5;0;1;47998;478;11;11;12;1
QCH.exe;T25_medium;medium;instance_30_5_5_10_14_Mthr_3.txt;30;5;5;0;1;72704;764;11;11;17;1
QCH.exe;T25_medium;medium;instance_30_5_5_10_14_Mthr_4.txt;30;5;5;0;1;103942;982;13;13;14;1
QCH.exe;T25_medium;medium;instance_30_5_5_10_14_Mthr_5.txt;30;5;5;0;1;59113;613;10;10;14;1
QCH.exe;T25_medium;medium;instance_30_5_5_10_14_Mthr_6.txt;30;5;5;0;1;61811;611;10;10;10;1
QCH.exe;T25_medium;medium;instance_30_5_5_10_14_Mthr_7.txt;30;5;5;0.0010024;1;62775;675;9;9;12;1
QCH.exe;T25_medium;medium;instance_30_5_5_10_14_Mthr_8.txt;30;5;5;0;1;19845;405;4;4;11;1
QCH.exe;T25_medium;medium;instance_30_5_5_10_14_Mthr_9.txt;30;5;5;0;1;67418;728;9;9;13;1
QCH.exe;T25_small;small;instance_30_5_5_10_14_Sthr_0.txt;30;5;5;0;0; ; ; ; ; ; 
QCH.exe;T25_small;small;instance_30_5_5_10_14_Sthr_1.txt;30;5;5;0;0; ; ; ; ; ; 
QCH.exe;T25_small;small;instance_30_5_5_10_14_Sthr_2.txt;30;5;5;0;1;33893;503;7;7;15;1
QCH.exe;T25_small;small;instance_30_5_5_10_14_Sthr_3.txt;30;5;5;0;1;91263;783;13;13;15;1
QCH.exe;T25_small;small;instance_30_5_5_10_14_Sthr_4.txt;30;5;5;0;0; ; ; ; ; ; 
QCH.exe;T25_small;small;instance_30_5_5_10_14_Sthr_5.txt;30;5;5;0;1;74946;846;13;13;10;1
QCH.exe;T25_small;small;instance_30_5_5_10_14_Sthr_6.txt;30;5;5;0;1;38132;452;8;8;9;1
QCH.exe;T25_small;small;instance_30_5_5_10_14_Sthr_7.txt;30;5;5;0;1;53663;743;7;7;15;1
QCH.exe;T25_small;small;instance_30_5_5_10_14_Sthr_8.txt;30;5;5;0;1;62163;663;10;10;16;1
QCH.exe;T25_small;small;instance_30_5_5_10_14_Sthr_9.txt;30;5;5;0;1;72333;573;13;13;12;1
QCH.exe;T27_big;big;instance_40_3_3_10_5_Bthr_0.txt;40;3;3;0;1;15808;1728;1;1;14;1
QCH.exe;T27_big;big;instance_40_3_3_10_5_Bthr_1.txt;40;3;3;0;1;37627;1147;4;4;6;1
QCH.exe;T27_big;big;instance_40_3_3_10_5_Bthr_2.txt;40;3;3;0;1;2648;2648;0;0;12;1
QCH.exe;T27_big;big;instance_40_3_3_10_5_Bthr_3.txt;40;3;3;0;1;2112;2112;0;0;8;1
QCH.exe;T27_big;big;instance_40_3_3_10_5_Bthr_4.txt;40;3;3;0;1;1284;1284;0;0;5;1
QCH.exe;T27_big;big;instance_40_3_3_10_5_Bthr_5.txt;40;3;3;0;1;33851;1811;3;3;19;1
QCH.exe;T27_big;big;instance_40_3_3_10_5_Bthr_6.txt;40;3;3;0;1;25845;885;4;4;14;1
QCH.exe;T27_big;big;instance_40_3_3_10_5_Bthr_7.txt;40;3;3;0;1;16892;892;2;2;2;1
QCH.exe;T27_big;big;instance_40_3_3_10_5_Bthr_8.txt;40;3;3;0;1;11238;1358;1;1;12;1
QCH.exe;T27_big;big;instance_40_3_3_10_5_Bthr_9.txt;40;3;3;0;1;19455;1295;2;2;4;1
QCH.exe;T27_medium;medium;instance_40_3_3_10_5_Mthr_0.txt;40;3;3;0;1;20800;1000;3;3;8;1
QCH.exe;T27_medium;medium;instance_40_3_3_10_5_Mthr_1.txt;40;3;3;0;1;48051;2331;3;3;14;1
QCH.exe;T27_medium;medium;instance_40_3_3_10_5_Mthr_2.txt;40;3;3;0;1;9376;1376;1;1;20;1
QCH.exe;T27_medium;medium;instance_40_3_3_10_5_Mthr_3.txt;40;3;3;0;1;42849;2289;3;3;19;1
QCH.exe;T27_medium;medium;instance_40_3_3_10_5_Mthr_4.txt;40;3;3;0;1;40924;1564;4;4;6;1
QCH.exe;T27_medium;medium;instance_40_3_3_10_5_Mthr_5.txt;40;3;3;0;1;68170;2570;4;4;10;1
QCH.exe;T27_medium;medium;instance_40_3_3_10_5_Mthr_6.txt;40;3;3;0;1;51020;2060;4;4;13;1
QCH.exe;T27_medium;medium;instance_40_3_3_10_5_Mthr_7.txt;40;3;3;0;1;5848;688;1;1;11;1
QCH.exe;T27_medium;medium;instance_40_3_3_10_5_Mthr_8.txt;40;3;3;0;1;27475;1235;4;4;16;1
QCH.exe;T27_medium;medium;instance_40_3_3_10_5_Mthr_9.txt;40;3;3;0;1;2935;2935;0;0;16;1
QCH.exe;T27_small;small;instance_40_3_3_10_5_Sthr_0.txt;40;3;3;0;1;16185;1065;2;2;12;1
QCH.exe;T27_small;small;instance_40_3_3_10_5_Sthr_1.txt;40;3;3;0;1;50228;2068;4;4;13;1
QCH.exe;T27_small;small;instance_40_3_3_10_5_Sthr_2.txt;40;3;3;0;1;51384;1944;4;4;11;1
QCH.exe;T27_small;small;instance_40_3_3_10_5_Sthr_3.txt;40;3;3;0;0; ; ; ; ; ; 
QCH.exe;T27_small;small;instance_40_3_3_10_5_Sthr_4.txt;40;3;3;0;1;84147;2867;4;4;12;1
QCH.exe;T27_small;small;instance_40_3_3_10_5_Sthr_5.txt;40;3;3;0;1;40099;1699;4;4;9;1
QCH.exe;T27_small;small;instance_40_3_3_10_5_Sthr_6.txt;40;3;3;0;1;86006;3926;4;4;12;1
QCH.exe;T27_small;small;instance_40_3_3_10_5_Sthr_7.txt;40;3;3;0;1;25159;1719;2;2;8;1
QCH.exe;T27_small;small;instance_40_3_3_10_5_Sthr_8.txt;40;3;3;0;1;38352;1992;3;3;12;1
QCH.exe;T27_small;small;instance_40_3_3_10_5_Sthr_9.txt;40;3;3;0;0; ; ; ; ; ; 
QCH.exe;T34_big;big;instance_50_3_3_10_6_Bthr_0.txt;50;3;3;0;1;38682;2582;2;2;22;1
QCH.exe;T34_big;big;instance_50_3_3_10_6_Bthr_1.txt;50;3;3;0;1;48499;3499;2;2;25;1
QCH.exe;T34_big;big;instance_50_3_3_10_6_Bthr_2.txt;50;3;3;0;1;99779;3529;5;5;26;1
QCH.exe;T34_big;big;instance_50_3_3_10_6_Bthr_3.txt;50;3;3;0;1;82472;2972;5;5;16;1
QCH.exe;T34_big;big;instance_50_3_3_10_6_Bthr_4.txt;50;3;3;0;1;81549;2549;5;5;31;1
QCH.exe;T34_big;big;instance_50_3_3_10_6_Bthr_5.txt;50;3;3;0;1;70504;3604;3;3;20;1
QCH.exe;T34_big;big;instance_50_3_3_10_6_Bthr_6.txt;50;3;3;0;1;66071;2321;5;5;15;1
QCH.exe;T34_big;big;instance_50_3_3_10_6_Bthr_7.txt;50;3;3;0;1;30147;2147;2;2;22;1
QCH.exe;T34_big;big;instance_50_3_3_10_6_Bthr_8.txt;50;3;3;0;1;58719;1719;5;5;13;1
QCH.exe;T34_big;big;instance_50_3_3_10_6_Bthr_9.txt;50;3;3;0;1;3417;3417;0;0;28;1
QCH.exe;T34_medium;medium;instance_50_3_3_10_6_Mthr_0.txt;50;3;3;0;1;114570;4370;4;4;24;1
QCH.exe;T34_medium;medium;instance_50_3_3_10_6_Mthr_1.txt;50;3;3;0;1;117766;4016;5;5;22;1
QCH.exe;T34_medium;medium;instance_50_3_3_10_6_Mthr_2.txt;50;3;3;0;1;66780;2280;5;5;15;1
QCH.exe;T34_medium;medium;instance_50_3_3_10_6_Mthr_3.txt;50;3;3;0;1;1794;1794;0;0;28;1
QCH.exe;T34_medium;medium;instance_50_3_3_10_6_Mthr_4.txt;50;3;3;0;1;64814;4214;2;2;31;1
QCH.exe;T34_medium;medium;instance_50_3_3_10_6_Mthr_5.txt;50;3;3;0;1;77831;2581;5;5;22;1
QCH.exe;T34_medium;medium;instance_50_3_3_10_6_Mthr_6.txt;50;3;3;0;1;70962;4562;2;2;29;1
QCH.exe;T34_medium;medium;instance_50_3_3_10_6_Mthr_7.txt;50;3;3;0;1;60305;1905;4;4;19;1
QCH.exe;T34_medium;medium;instance_50_3_3_10_6_Mthr_8.txt;50;3;3;0;1;65766;2766;3;3;17;1
QCH.exe;T34_medium;medium;instance_50_3_3_10_6_Mthr_9.txt;50;3;3;0;1;37756;2656;2;2;28;1
QCH.exe;T34_small;small;instance_50_3_3_10_6_Sthr_0.txt;50;3;3;0;1;106994;3494;5;5;32;1
QCH.exe;T34_small;small;instance_50_3_3_10_6_Sthr_1.txt;50;3;3;0;1;122388;3888;5;5;25;1
QCH.exe;T34_small;small;instance_50_3_3_10_6_Sthr_2.txt;50;3;3;0;1;85848;3098;5;5;22;1
QCH.exe;T34_small;small;instance_50_3_3_10_6_Sthr_3.txt;50;3;3;0;1;59462;1962;5;5;25;1
QCH.exe;T34_small;small;instance_50_3_3_10_6_Sthr_4.txt;50;3;3;0;1;40766;1516;5;5;21;1
QCH.exe;T34_small;small;instance_50_3_3_10_6_Sthr_5.txt;50;3;3;0.0010027;1;78479;2479;5;5;29;1
QCH.exe;T34_small;small;instance_50_3_3_10_6_Sthr_6.txt;50;3;3;0;1;73562;2812;5;5;23;1
QCH.exe;T34_small;small;instance_50_3_3_10_6_Sthr_7.txt;50;3;3;0;1;129160;4160;5;5;32;1
QCH.exe;T34_small;small;instance_50_3_3_10_6_Sthr_8.txt;50;3;3;0;1;50982;1482;5;5;14;1
QCH.exe;T34_small;small;instance_50_3_3_10_6_Sthr_9.txt;50;3;3;0;1;91895;2895;5;5;23;1
QCH.exe;T39_big;big;instance_60_3_4_10_9_Bthr_0.txt;60;3;4;0;1;50609;2009;3;3;30;1
QCH.exe;T39_big;big;instance_60_3_4_10_9_Bthr_1.txt;60;3;4;0;1;137562;7242;3;3;45;1
QCH.exe;T39_big;big;instance_60_3_4_10_9_Bthr_2.txt;60;3;4;0;1;137649;5169;4;4;43;1
QCH.exe;T39_big;big;instance_60_3_4_10_9_Bthr_3.txt;60;3;4;0;1;267392;5792;8;8;35;1
QCH.exe;T39_big;big;instance_60_3_4_10_9_Bthr_4.txt;60;3;4;0;1;57937;3697;2;2;34;1
QCH.exe;T39_big;big;instance_60_3_4_10_9_Bthr_5.txt;60;3;4;0;1;105631;2131;5;5;26;1
QCH.exe;T39_big;big;instance_60_3_4_10_9_Bthr_6.txt;60;3;4;0;1;206314;5434;6;6;38;1
QCH.exe;T39_big;big;instance_60_3_4_10_9_Bthr_7.txt;60;3;4;0;1;117852;3552;5;5;39;1
QCH.exe;T39_big;big;instance_60_3_4_10_9_Bthr_8.txt;60;3;4;0;1;100576;3856;4;4;40;1
QCH.exe;T39_big;big;instance_60_3_4_10_9_Bthr_9.txt;60;3;4;0;1;34930;4690;1;1;36;1
QCH.exe;T39_medium;medium;instance_60_3_4_10_9_Mthr_0.txt;60;3;4;0;1;230575;4975;8;8;35;1
QCH.exe;T39_medium;medium;instance_60_3_4_10_9_Mthr_1.txt;60;3;4;0;1;171083;4043;6;6;49;1
QCH.exe;T39_medium;medium;instance_60_3_4_10_9_Mthr_2.txt;60;3;4;0;1;137259;4359;5;5;51;1
QCH.exe;T39_medium;medium;instance_60_3_4_10_9_Mthr_3.txt;60;3;4;0;1;286825;6025;8;8;40;1
QCH.exe;T39_medium;medium;instance_60_3_4_10_9_Mthr_4.txt;60;3;4;0;1;56971;2611;3;3;40;1
QCH.exe;T39_medium;medium;instance_60_3_4_10_9_Mthr_5.txt;60;3;4;0;1;134398;2998;6;6;40;1
QCH.exe;T39_medium;medium;instance_60_3_4_10_9_Mthr_6.txt;60;3;4;0;1;97844;1844;8;8;43;1
QCH.exe;T39_medium;medium;instance_60_3_4_10_9_Mthr_7.txt;60;3;4;0;1;141036;2796;8;8;39;1
QCH.exe;T39_medium;medium;instance_60_3_4_10_9_Mthr_8.txt;60;3;4;0;1;256350;5310;8;8;45;1
QCH.exe;T39_medium;medium;instance_60_3_4_10_9_Mthr_9.txt;60;3;4;0;1;147038;3038;8;8;40;1
QCH.exe;T39_small;small;instance_60_3_4_10_9_Sthr_0.txt;60;3;4;0;1;304085;6485;8;8;47;1
QCH.exe;T39_small;small;instance_60_3_4_10_9_Sthr_1.txt;60;3;4;0;0; ; ; ; ; ; 
QCH.exe;T39_small;small;instance_60_3_4_10_9_Sthr_2.txt;60;3;4;0;1;135142;2662;8;8;38;1
QCH.exe;T39_small;small;instance_60_3_4_10_9_Sthr_3.txt;60;3;4;0;1;157923;4323;5;5;32;1
QCH.exe;T39_small;small;instance_60_3_4_10_9_Sthr_4.txt;60;3;4;0;1;171128;3968;7;7;39;1
QCH.exe;T39_small;small;instance_60_3_4_10_9_Sthr_5.txt;60;3;4;0.0010024;0; ; ; ; ; ; 
QCH.exe;T39_small;small;instance_60_3_4_10_9_Sthr_6.txt;60;3;4;0;1;93659;2459;5;5;35;1
QCH.exe;T39_small;small;instance_60_3_4_10_9_Sthr_7.txt;60;3;4;0;1;195739;3739;8;8;29;1
QCH.exe;T39_small;small;instance_60_3_4_10_9_Sthr_8.txt;60;3;4;0.0010018;1;62961;1761;5;5;46;1
QCH.exe;T39_small;small;instance_60_3_4_10_9_Sthr_9.txt;60;3;4;0;1;115376;1976;7;7;36;1
QCH.exe;T40_big;big;instance_60_3_5_10_11_Bthr_0.txt;60;3;5;0;1;374124;6324;10;10;45;1
QCH.exe;T40_big;big;instance_60_3_5_10_11_Bthr_1.txt;60;3;5;0;1;165941;3401;7;7;37;1
QCH.exe;T40_big;big;instance_60_3_5_10_11_Bthr_2.txt;60;3;5;0;1;113281;3121;6;6;50;1
QCH.exe;T40_big;big;instance_60_3_5_10_11_Bthr_3.txt;60;3;5;0;1;56301;2301;3;3;33;1
QCH.exe;T40_big;big;instance_60_3_5_10_11_Bthr_4.txt;60;3;5;0.0010027;1;83226;1746;7;7;40;1
QCH.exe;T40_big;big;instance_60_3_5_10_11_Bthr_5.txt;60;3;5;0;1;238238;4418;9;9;44;1
QCH.exe;T40_big;big;instance_60_3_5_10_11_Bthr_6.txt;60;3;5;0;1;74929;3469;3;3;42;1
QCH.exe;T40_big;big;instance_60_3_5_10_11_Bthr_7.txt;60;3;5;0;1;205257;5097;6;6;47;1
QCH.exe;T40_big;big;instance_60_3_5_10_11_Bthr_8.txt;60;3;5;0;1;169965;3105;9;9;41;1
QCH.exe;T40_big;big;instance_60_3_5_10_11_Bthr_9.txt;60;3;5;0;1;222582;3582;10;10;32;1
QCH.exe;T40_medium;medium;instance_60_3_5_10_11_Mthr_0.txt;60;3;5;0;1;159810;2670;9;9;47;1
QCH.exe;T40_medium;medium;instance_60_3_5_10_11_Mthr_1.txt;60;3;5;0;1;164061;2781;8;8;39;1
QCH.exe;T40_medium;medium;instance_60_3_5_10_11_Mthr_2.txt;60;3;5;0.0010228;1;62115;3075;3;3;48;1
QCH.exe;T40_medium;medium;instance_60_3_5_10_11_Mthr_3.txt;60;3;5;0;1;188138;2738;10;10;35;1
QCH.exe;T40_medium;medium;instance_60_3_5_10_11_Mthr_4.txt;60;3;5;0;1;142425;2025;10;10;42;1
QCH.exe;T40_medium;medium;instance_60_3_5_10_11_Mthr_5.txt;60;3;5;0;1;248100;3900;10;10;40;1
QCH.exe;T40_medium;medium;instance_60_3_5_10_11_Mthr_6.txt;60;3;5;0;1;197925;4305;7;7;50;1
QCH.exe;T40_medium;medium;instance_60_3_5_10_11_Mthr_7.txt;60;3;5;0;1;259957;3757;10;10;41;1
QCH.exe;T40_medium;medium;instance_60_3_5_10_11_Mthr_8.txt;60;3;5;0;1;97738;3418;4;4;47;1
QCH.exe;T40_medium;medium;instance_60_3_5_10_11_Mthr_9.txt;60;3;5;0;1;220058;5018;7;7;55;1
QCH.exe;T40_small;small;instance_60_3_5_10_11_Sthr_0.txt;60;3;5;0;1;216281;3641;8;8;43;1
QCH.exe;T40_small;small;instance_60_3_5_10_11_Sthr_1.txt;60;3;5;0;0; ; ; ; ; ; 
QCH.exe;T40_small;small;instance_60_3_5_10_11_Sthr_2.txt;60;3;5;0;1;142040;2240;10;10;44;1
QCH.exe;T40_small;small;instance_60_3_5_10_11_Sthr_3.txt;60;3;5;0;0; ; ; ; ; ; 
QCH.exe;T40_small;small;instance_60_3_5_10_11_Sthr_4.txt;60;3;5;0;0; ; ; ; ; ; 
QCH.exe;T40_small;small;instance_60_3_5_10_11_Sthr_5.txt;60;3;5;0;0; ; ; ; ; ; 
QCH.exe;T40_small;small;instance_60_3_5_10_11_Sthr_6.txt;60;3;5;0;1;306322;5122;10;10;47;1
QCH.exe;T40_small;small;instance_60_3_5_10_11_Sthr_7.txt;60;3;5;0;0; ; ; ; ; ; 
QCH.exe;T40_small;small;instance_60_3_5_10_11_Sthr_8.txt;60;3;5;0;1;201182;3182;10;10;43;1
QCH.exe;T40_small;small;instance_60_3_5_10_11_Sthr_9.txt;60;3;5;0;1;197253;3393;9;9;47;1
QCH.exe;T44_big;big;instance_70_3_5_10_12_Bthr_0.txt;70;3;5;0;1;166242;2722;8;8;45;1
QCH.exe;T44_big;big;instance_70_3_5_10_12_Bthr_1.txt;70;3;5;0;1;251732;5752;7;7;50;1
QCH.exe;T44_big;big;instance_70_3_5_10_12_Bthr_2.txt;70;3;5;0;1;470782;9342;8;8;59;1
QCH.exe;T44_big;big;instance_70_3_5_10_12_Bthr_3.txt;70;3;5;0;1;226512;4542;7;7;54;1
QCH.exe;T44_big;big;instance_70_3_5_10_12_Bthr_4.txt;70;3;5;0;1;161977;2937;8;8;59;1
QCH.exe;T44_big;big;instance_70_3_5_10_12_Bthr_5.txt;70;3;5;0;1;269276;4956;8;8;58;1
QCH.exe;T44_big;big;instance_70_3_5_10_12_Bthr_6.txt;70;3;5;0;1;425568;6688;11;11;47;1
QCH.exe;T44_big;big;instance_70_3_5_10_12_Bthr_7.txt;70;3;5;0;1;433579;9099;8;8;60;1
QCH.exe;T44_big;big;instance_70_3_5_10_12_Bthr_8.txt;70;3;5;0;1;417194;10004;7;7;56;1
QCH.exe;T44_big;big;instance_70_3_5_10_12_Bthr_9.txt;70;3;5;0;1;113636;3386;5;5;56;1
QCH.exe;T44_medium;medium;instance_70_3_5_10_12_Mthr_0.txt;70;3;5;0;1;266764;3424;11;11;55;1
QCH.exe;T44_medium;medium;instance_70_3_5_10_12_Mthr_1.txt;70;3;5;0;1;328531;5131;10;10;54;1
QCH.exe;T44_medium;medium;instance_70_3_5_10_12_Mthr_2.txt;70;3;5;0.0010021;1;413041;5711;11;11;46;1
QCH.exe;T44_medium;medium;instance_70_3_5_10_12_Mthr_3.txt;70;3;5;0.001003;1;508395;7895;11;11;49;1
QCH.exe;T44_medium;medium;instance_70_3_5_10_12_Mthr_4.txt;70;3;5;0.001003;1;263321;3831;11;11;51;1
QCH.exe;T44_medium;medium;instance_70_3_5_10_12_Mthr_5.txt;70;3;5;0;1;315742;3892;11;11;44;1
QCH.exe;T44_medium;medium;instance_70_3_5_10_12_Mthr_6.txt;70;3;5;0;1;303332;4572;11;11;57;1
QCH.exe;T44_medium;medium;instance_70_3_5_10_12_Mthr_7.txt;70;3;5;0;1;557867;8857;11;11;53;1
QCH.exe;T44_medium;medium;instance_70_3_5_10_12_Mthr_8.txt;70;3;5;0;1;365869;5509;11;11;52;1
QCH.exe;T44_medium;medium;instance_70_3_5_10_12_Mthr_9.txt;70;3;5;0;1;489287;7267;11;11;53;1
QCH.exe;T44_small;small;instance_70_3_5_10_12_Sthr_0.txt;70;3;5;0;0; ; ; ; ; ; 
QCH.exe;T44_small;small;instance_70_3_5_10_12_Sthr_1.txt;70;3;5;0;0; ; ; ; ; ; 
QCH.exe;T44_small;small;instance_70_3_5_10_12_Sthr_2.txt;70;3;5;0;0; ; ; ; ; ; 
QCH.exe;T44_small;small;instance_70_3_5_10_12_Sthr_3.txt;70;3;5;0;1;380321;6521;10;10;60;1
QCH.exe;T44_small;small;instance_70_3_5_10_12_Sthr_4.txt;70;3;5;0;0; ; ; ; ; ; 
QCH.exe;T44_small;small;instance_70_3_5_10_12_Sthr_5.txt;70;3;5;0;0; ; ; ; ; ; 
QCH.exe;T44_small;small;instance_70_3_5_10_12_Sthr_6.txt;70;3;5;0;1;422113;7083;11;11;64;1
QCH.exe;T44_small;small;instance_70_3_5_10_12_Sthr_7.txt;70;3;5;0;0; ; ; ; ; ; 
QCH.exe;T44_small;small;instance_70_3_5_10_12_Sthr_8.txt;70;3;5;0;1;324505;6425;8;8;59;1
QCH.exe;T44_small;small;instance_70_3_5_10_12_Sthr_9.txt;70;3;5;0;1;269970;4110;9;9;47;1
QCH.exe;T45_big;big;instance_70_4_4_10_9_Bthr_0.txt;70;4;4;0;1;247655;2935;8;8;23;1
QCH.exe;T45_big;big;instance_70_4_4_10_9_Bthr_1.txt;70;4;4;0.0010026;1;268342;5422;6;6;39;1
QCH.exe;T45_big;big;instance_70_4_4_10_9_Bthr_2.txt;70;4;4;0;1;522297;8777;7;7;44;1
QCH.exe;T45_big;big;instance_70_4_4_10_9_Bthr_3.txt;70;4;4;0;1;170276;4516;4;4;37;1
QCH.exe;T45_big;big;instance_70_4_4_10_9_Bthr_4.txt;70;4;4;0;1;364163;5763;8;8;42;1
QCH.exe;T45_big;big;instance_70_4_4_10_9_Bthr_5.txt;70;4;4;0;1;177224;3344;6;6;37;1
QCH.exe;T45_big;big;instance_70_4_4_10_9_Bthr_6.txt;70;4;4;0;1;372827;5467;8;8;21;1
QCH.exe;T45_big;big;instance_70_4_4_10_9_Bthr_7.txt;70;4;4;0;1;285035;5035;8;8;22;1
QCH.exe;T45_big;big;instance_70_4_4_10_9_Bthr_8.txt;70;4;4;0;1;312241;5501;7;7;41;1
QCH.exe;T45_big;big;instance_70_4_4_10_9_Bthr_9.txt;70;4;4;0;1;46888;2228;2;2;24;1
QCH.exe;T45_medium;medium;instance_70_4_4_10_9_Mthr_0.txt;70;4;4;0;1;192034;3874;6;6;37;1
QCH.exe;T45_medium;medium;instance_70_4_4_10_9_Mthr_1.txt;70;4;4;0;1;209782;3002;7;7;21;1
QCH.exe;T45_medium;medium;instance_70_4_4_10_9_Mthr_2.txt;70;4;4;0;1;247498;3338;8;8;36;1
QCH.exe;T45_medium;medium;instance_70_4_4_10_9_Mthr_3.txt;70;4;4;0;1;391544;6264;8;8;43;1
QCH.exe;T45_medium;medium;instance_70_4_4_10_9_Mthr_4.txt;70;4;4;0;1;250167;5167;7;7;17;1
QCH.exe;T45_medium;medium;instance_70_4_4_10_9_Mthr_5.txt;70;4;4;0;1;231372;3452;8;8;40;1
QCH.exe;T45_medium;medium;instance_70_4_4_10_9_Mthr_6.txt;70;4;4;0;1;85026;4806;2;2;44;1
QCH.exe;T45_medium;medium;instance_70_4_4_10_9_Mthr_7.txt;70;4;4;0;1;140805;7665;2;2;52;1
QCH.exe;T45_medium;medium;instance_70_4_4_10_9_Mthr_8.txt;70;4;4;0;1;306005;5635;7;7;39;1
QCH.exe;T45_medium;medium;instance_70_4_4_10_9_Mthr_9.txt;70;4;4;0;1;203962;3552;7;7;41;1
QCH.exe;T45_small;small;instance_70_4_4_10_9_Sthr_0.txt;70;4;4;0;0; ; ; ; ; ; 
QCH.exe;T45_small;small;instance_70_4_4_10_9_Sthr_1.txt;70;4;4;0;1;207093;3253;8;8;19;1
QCH.exe;T45_small;small;instance_70_4_4_10_9_Sthr_2.txt;70;4;4;0;1;177300;3420;6;6;41;1
QCH.exe;T45_small;small;instance_70_4_4_10_9_Sthr_3.txt;70;4;4;0;1;189411;3701;7;7;37;1
QCH.exe;T45_small;small;instance_70_4_4_10_9_Sthr_4.txt;70;4;4;0;0; ; ; ; ; ; 
QCH.exe;T45_small;small;instance_70_4_4_10_9_Sthr_5.txt;70;4;4;0.0010027;1;306205;5345;7;7;47;1
QCH.exe;T45_small;small;instance_70_4_4_10_9_Sthr_6.txt;70;4;4;0;1;101631;1671;7;7;49;1
QCH.exe;T45_small;small;instance_70_4_4_10_9_Sthr_7.txt;70;4;4;0;1;356645;5525;8;8;38;1
QCH.exe;T45_small;small;instance_70_4_4_10_9_Sthr_8.txt;70;4;4;0;0; ; ; ; ; ; 
QCH.exe;T45_small;small;instance_70_4_4_10_9_Sthr_9.txt;70;4;4;0;1;334943;5663;8;8;20;1
QCH.exe;T46_big;big;instance_70_4_5_10_14_Bthr_0.txt;70;4;5;0;1;547255;5455;12;12;46;1
QCH.exe;T46_big;big;instance_70_4_5_10_14_Bthr_1.txt;70;4;5;0;1;437173;4013;13;13;33;1
QCH.exe;T46_big;big;instance_70_4_5_10_14_Bthr_2.txt;70;4;5;0.0009927;1;704541;7481;13;13;47;1
QCH.exe;T46_big;big;instance_70_4_5_10_14_Bthr_3.txt;70;4;5;0;1;347212;3652;12;12;49;1
QCH.exe;T46_big;big;instance_70_4_5_10_14_Bthr_4.txt;70;4;5;0;1;161960;2710;7;7;57;1
QCH.exe;T46_big;big;instance_70_4_5_10_14_Bthr_5.txt;70;4;5;0;1;294488;3008;12;12;48;1
QCH.exe;T46_big;big;instance_70_4_5_10_14_Bthr_6.txt;70;4;5;0;1;376289;3889;10;10;43;1
QCH.exe;T46_big;big;instance_70_4_5_10_14_Bthr_7.txt;70;4;5;0;1;424059;5739;9;9;53;1
QCH.exe;T46_big;big;instance_70_4_5_10_14_Bthr_8.txt;70;4;5;0;1;341865;3065;11;11;35;1
QCH.exe;T46_big;big;instance_70_4_5_10_14_Bthr_9.txt;70;4;5;0;1;157651;2671;6;6;40;1
QCH.exe;T46_medium;medium;instance_70_4_5_10_14_Mthr_0.txt;70;4;5;0;1;267141;2541;12;12;55;1
QCH.exe;T46_medium;medium;instance_70_4_5_10_14_Mthr_1.txt;70;4;5;0;1;449860;3960;13;13;45;1
QCH.exe;T46_medium;medium;instance_70_4_5_10_14_Mthr_2.txt;70;4;5;0;1;513350;4660;13;13;44;1
QCH.exe;T46_medium;medium;instance_70_4_5_10_14_Mthr_3.txt;70;4;5;0;1;346096;3376;12;12;49;1
QCH.exe;T46_medium;medium;instance_70_4_5_10_14_Mthr_4.txt;70;4;5;0;1;421671;4191;12;12;42;1
QCH.exe;T46_medium;medium;instance_70_4_5_10_14_Mthr_5.txt;70;4;5;0;1;21443;1843;1;1;41;1
QCH.exe;T46_medium;medium;instance_70_4_5_10_14_Mthr_6.txt;70;4;5;0;1;209310;1830;13;13;43;1
QCH.exe;T46_medium;medium;instance_70_4_5_10_14_Mthr_7.txt;70;4;5;0;1;85747;3007;3;3;48;1
QCH.exe;T46_medium;medium;instance_70_4_5_10_14_Mthr_8.txt;70;4;5;0;1;430563;3773;13;13;39;1
QCH.exe;T46_medium;medium;instance_70_4_5_10_14_Mthr_9.txt;70;4;5;0;1;219923;3833;7;7;59;1
QCH.exe;T46_small;small;instance_70_4_5_10_14_Sthr_0.txt;70;4;5;0;0; ; ; ; ; ; 
QCH.exe;T46_small;small;instance_70_4_5_10_14_Sthr_1.txt;70;4;5;0.0010029;0; ; ; ; ; ; 
QCH.exe;T46_small;small;instance_70_4_5_10_14_Sthr_2.txt;70;4;5;0.0010026;1;423639;4129;13;13;46;1
QCH.exe;T46_small;small;instance_70_4_5_10_14_Sthr_3.txt;70;4;5;0;0; ; ; ; ; ; 
QCH.exe;T46_small;small;instance_70_4_5_10_14_Sthr_4.txt;70;4;5;0;1;419268;3398;13;13;36;1
QCH.exe;T46_small;small;instance_70_4_5_10_14_Sthr_5.txt;70;4;5;0;1;457557;4377;13;13;30;1
QCH.exe;T46_small;small;instance_70_4_5_10_14_Sthr_6.txt;70;4;5;0;1;454803;4563;12;12;45;1
QCH.exe;T46_small;small;instance_70_4_5_10_14_Sthr_7.txt;70;4;5;0;0; ; ; ; ; ; 
QCH.exe;T46_small;small;instance_70_4_5_10_14_Sthr_8.txt;70;4;5;0.0010026;1;368910;3090;13;13;46;1
QCH.exe;T46_small;small;instance_70_4_5_10_14_Sthr_9.txt;70;4;5;0;1;277580;2900;9;9;41;1
